"sampling_date","DOC","DOC_error","TN","TN_error","field_notes"
2005-01-05,6.9431,NA,NA,NA,NA
2005-01-06,6.1443,NA,NA,NA,NA
2005-01-07,5.8921,NA,NA,NA,NA
2005-01-07,5.303,NA,NA,NA,NA
2005-01-08,6.3594,NA,NA,NA,NA
2005-01-09,6.0411,NA,NA,NA,NA
2005-01-10,6.4375,NA,NA,NA,NA
2005-01-11,6.2725,NA,NA,NA,NA
2005-01-13,7.0966,NA,NA,NA,NA
2005-01-14,6.8145,NA,NA,NA,NA
2005-01-15,6.5839,NA,NA,NA,NA
2005-01-15,6.5187,NA,NA,NA,NA
2005-01-16,6.1844,NA,NA,NA,NA
2005-01-17,6.495,NA,NA,NA,NA
2005-01-18,5.8701,NA,NA,NA,NA
2005-01-19,6.1476,NA,NA,NA,NA
2005-01-20,5.5719,NA,NA,NA,NA
2005-01-21,5.3366,NA,NA,NA,NA
2005-01-21,5.227,NA,NA,NA,NA
2005-01-22,5.8234,NA,NA,NA,NA
2005-01-23,5.9144,NA,NA,NA,NA
2005-01-23,5.9247,NA,NA,NA,NA
2005-01-24,6.1727,NA,NA,NA,NA
2005-01-25,6.0573,NA,NA,NA,NA
2005-01-25,5.9491,NA,NA,NA,NA
2005-01-26,6.0911,NA,NA,NA,NA
2005-01-27,6.4404,NA,NA,NA,NA
2005-01-28,6.6084,NA,NA,NA,NA
2005-01-29,6.4935,NA,NA,NA,NA
2005-01-30,6.5114,NA,NA,NA,NA
2005-01-31,6.2414,NA,NA,NA,NA
2005-02-01,6.3346,NA,NA,NA,NA
2005-02-01,6.2331,NA,NA,NA,NA
2005-02-02,6.3158,NA,NA,NA,NA
2005-02-02,4.9591,NA,NA,NA,NA
2005-02-03,5.9229,NA,NA,NA,NA
2005-02-04,5.9374,NA,NA,NA,NA
2005-02-05,5.8718,NA,NA,NA,NA
2005-02-05,5.9099,NA,NA,NA,NA
2005-02-06,5.6377,NA,NA,NA,NA
2005-02-07,5.7025,NA,NA,NA,NA
2005-02-08,5.8938,NA,NA,NA,NA
2005-02-09,5.9571,NA,NA,NA,NA
2005-02-09,5.8276,NA,NA,NA,NA
2005-02-11,5.8629,NA,NA,NA,NA
2005-02-12,5.8467,NA,NA,NA,NA
2005-02-13,5.6274,NA,NA,NA,NA
2005-02-14,5.6937,NA,NA,NA,NA
2005-02-15,5.6716,NA,NA,NA,NA
2005-02-16,5.7908,NA,NA,NA,NA
2005-02-17,5.8291,NA,NA,NA,NA
2005-02-18,5.7246,NA,NA,NA,NA
2005-02-18,5.6584,NA,NA,NA,NA
2005-02-19,5.392,NA,NA,NA,NA
2005-02-20,5.5686,NA,NA,NA,NA
2005-02-21,5.4744,NA,NA,NA,NA
2005-02-22,5.4435,NA,NA,NA,NA
2005-02-22,5.7511,NA,NA,NA,NA
2005-02-23,5.8158,NA,NA,NA,NA
2005-02-24,5.8276,NA,NA,NA,NA
2005-02-25,5.7143,NA,NA,NA,NA
2005-02-26,5.5023,NA,NA,NA,NA
2005-02-27,5.4523,NA,NA,NA,NA
2005-02-27,5.3154,NA,NA,NA,NA
2005-03-01,5.5105,NA,NA,NA,NA
2005-03-02,4.8118,NA,NA,NA,NA
2005-03-04,5.2796,NA,NA,NA,NA
2005-03-05,4.6753,NA,NA,NA,NA
2005-03-06,4.9901,NA,NA,NA,NA
2005-03-06,4.9521,NA,NA,NA,NA
2005-03-07,5.3117,NA,NA,NA,NA
2005-03-07,5.303,NA,NA,NA,NA
2005-03-08,5.3781,NA,NA,NA,NA
2005-03-08,5.4179,NA,NA,NA,NA
2005-03-09,5.2234,NA,NA,NA,NA
2005-03-10,5.3339,NA,NA,NA,NA
2005-03-10,5.2926,NA,NA,NA,NA
2005-03-11,5.3351,NA,NA,NA,NA
2005-03-14,5.3236,NA,NA,NA,NA
2005-03-15,5.1714,NA,NA,NA,NA
2005-03-16,4.9302,NA,NA,NA,NA
2005-03-17,5.2109,NA,NA,NA,NA
2005-03-18,5.1969,NA,NA,NA,NA
2005-03-18,5.1394,NA,NA,NA,NA
2005-03-20,4.9626,NA,NA,NA,NA
2005-03-21,5.1158,NA,NA,NA,NA
2005-03-22,4.7576,NA,NA,NA,NA
2005-03-22,4.9591,NA,NA,NA,NA
2005-03-23,4.9665,NA,NA,NA,NA
2005-03-23,5.0261,NA,NA,NA,NA
2005-03-23,4.7938,NA,NA,NA,NA
2005-03-24,5.1729,NA,NA,NA,NA
2005-03-24,5.0765,NA,NA,NA,NA
2005-03-25,5.0649,NA,NA,NA,NA
2005-03-25,5.091,NA,NA,NA,NA
2005-03-26,5.1947,NA,NA,NA,NA
2005-03-27,5.1424,NA,NA,NA,NA
2005-03-28,5.2431,NA,NA,NA,NA
2005-03-29,5.0489,NA,NA,NA,NA
2005-03-30,5.0653,NA,NA,NA,NA
2005-03-30,5.138,NA,NA,NA,NA
2005-03-31,5.0982,NA,NA,NA,NA
2005-04-01,5.0188,NA,NA,NA,NA
2005-04-02,5.0275,NA,NA,NA,NA
2005-04-02,4.9476,NA,NA,NA,NA
2005-04-03,4.9941,NA,NA,NA,NA
2005-04-04,5.0406,NA,NA,NA,NA
2005-04-05,5.029,NA,NA,NA,NA
2005-04-05,5.0014,NA,NA,NA,NA
2005-04-06,4.9272,NA,NA,NA,NA
2005-04-07,3.8875,NA,NA,NA,NA
2005-04-08,4.9607,NA,NA,NA,NA
2005-04-10,5.0348,NA,NA,NA,NA
2005-04-11,4.8764,NA,NA,NA,NA
2005-04-12,4.647,NA,NA,NA,NA
2005-04-13,4.7238,NA,NA,NA,NA
2005-04-14,4.7383,NA,NA,NA,NA
2005-04-15,4.9098,NA,NA,NA,NA
2005-04-15,4.8211,NA,NA,NA,NA
2005-04-16,4.8924,NA,NA,NA,NA
2005-04-17,4.8728,NA,NA,NA,NA
2005-04-18,5.0743,NA,NA,NA,NA
2005-04-18,5.1649,NA,NA,NA,NA
2005-04-19,4.7311,NA,NA,NA,NA
2005-04-20,4.8728,NA,NA,NA,NA
2005-04-21,4.7384,NA,NA,NA,NA
2005-04-21,4.8976,NA,NA,NA,NA
2005-04-22,4.8406,NA,NA,NA,NA
2005-04-23,4.9881,NA,NA,NA,NA
2005-04-24,4.8567,NA,NA,NA,NA
2005-04-25,4.564,NA,NA,NA,NA
2005-04-26,4.6141,NA,NA,NA,NA
2005-04-27,4.7472,NA,NA,NA,NA
2005-04-28,4.7136,NA,NA,NA,NA
2005-04-29,4.6566,NA,NA,NA,NA
2005-04-29,4.6537,NA,NA,NA,NA
2005-04-30,4.5071,NA,NA,NA,NA
2005-05-01,4.3823,NA,NA,NA,NA
2005-05-02,4.6473,NA,NA,NA,NA
2005-05-03,4.4161,NA,NA,NA,NA
2005-05-03,4.4222,NA,NA,NA,NA
2005-05-04,4.4355,NA,NA,NA,NA
2005-05-05,4.5144,NA,NA,NA,NA
2005-05-06,4.3891,NA,NA,NA,NA
2005-05-07,4.4127,NA,NA,NA,NA
2005-05-08,4.2781,NA,NA,NA,NA
2005-05-09,4.3216,NA,NA,NA,NA
2005-05-09,4.26,NA,NA,NA,NA
2005-05-10,4.0664,NA,NA,NA,NA
2005-05-11,4.2406,NA,NA,NA,NA
2005-05-12,4.2703,NA,NA,NA,NA
2005-05-13,4.3051,NA,NA,NA,NA
2005-05-14,4.2861,NA,NA,NA,NA
2005-05-16,4.1147,NA,NA,NA,NA
2005-05-17,4.1658,NA,NA,NA,NA
2005-05-17,4.192,NA,NA,NA,NA
2005-05-18,4.1286,NA,NA,NA,NA
2005-05-19,4.1535,NA,NA,NA,NA
2005-05-20,4.0827,NA,NA,NA,NA
2005-05-21,3.9394,NA,NA,NA,NA
2005-05-21,4.007,NA,NA,NA,NA
2005-05-22,3.9626,NA,NA,NA,NA
2005-05-23,4.0492,NA,NA,NA,NA
2005-05-24,4.1001,NA,NA,NA,NA
2005-05-24,4.1687,NA,NA,NA,NA
2005-05-25,4.0744,NA,NA,NA,NA
2005-05-26,3.9959,NA,NA,NA,NA
2005-05-27,4.1639,NA,NA,NA,NA
2005-05-28,3.9723,NA,NA,NA,NA
2005-05-28,3.9502,NA,NA,NA,NA
2005-05-29,4.016,NA,NA,NA,NA
2005-05-30,4.0839,NA,NA,NA,NA
2005-05-31,4.0335,NA,NA,NA,NA
2005-05-31,4.0649,NA,NA,NA,NA
2005-06-01,4.0695,NA,NA,NA,NA
2005-06-02,4.0971,NA,NA,NA,NA
2005-06-03,4.1617,NA,NA,NA,NA
2005-06-04,4.0077,NA,NA,NA,NA
2005-06-04,4.0679,NA,NA,NA,NA
2005-06-05,3.9484,NA,NA,NA,NA
2005-06-06,3.9644,NA,NA,NA,NA
2005-06-07,3.8265,NA,NA,NA,NA
2005-06-08,3.9327,NA,NA,NA,NA
2005-06-09,3.8441,NA,NA,NA,NA
2005-06-10,3.8781,NA,NA,NA,NA
2005-06-10,3.9146,NA,NA,NA,NA
2005-06-11,3.8222,NA,NA,NA,NA
2005-06-12,3.9465,NA,NA,NA,NA
2005-06-13,3.9212,NA,NA,NA,NA
2005-06-14,3.7972,NA,NA,NA,NA
2005-06-14,3.9062,NA,NA,NA,NA
2005-06-15,3.6353,NA,NA,NA,NA
2005-06-16,3.8923,NA,NA,NA,NA
2005-06-17,3.7619,NA,NA,NA,NA
2005-06-18,3.7092,NA,NA,NA,NA
2005-06-19,3.7799,NA,NA,NA,NA
2005-06-20,3.6881,NA,NA,NA,NA
2005-06-20,3.7461,NA,NA,NA,NA
2005-06-21,3.7218,NA,NA,NA,NA
2005-06-22,3.7394,NA,NA,NA,NA
2005-06-23,3.6845,NA,NA,NA,NA
2005-06-24,3.6476,NA,NA,NA,NA
2005-06-24,3.6843,NA,NA,NA,NA
2005-06-25,3.7651,NA,NA,NA,NA
2005-06-26,3.7826,NA,NA,NA,NA
2005-06-27,3.7772,NA,NA,NA,NA
2005-06-28,3.819,NA,NA,NA,NA
2005-06-29,3.76,NA,NA,NA,NA
2005-06-30,3.7754,NA,NA,NA,NA
2005-06-30,3.8017,NA,NA,NA,NA
2005-07-01,3.7993,NA,NA,NA,NA
2005-07-02,3.7301,NA,NA,NA,NA
2005-07-03,3.6972,NA,NA,NA,NA
2005-07-05,3.9295,NA,NA,NA,NA
2005-07-05,3.9295,NA,NA,NA,NA
2005-07-06,3.7293,NA,NA,NA,NA
2005-07-07,4.0205,NA,NA,NA,NA
2005-07-08,4.2212,NA,NA,NA,NA
2005-07-08,3.8427,NA,NA,NA,NA
2005-07-09,3.811,NA,NA,NA,NA
2005-07-10,3.8842,NA,NA,NA,NA
2005-07-11,3.9465,NA,NA,NA,NA
2005-07-11,4.2051,NA,NA,NA,NA
2005-07-12,4.1144,NA,NA,NA,NA
2005-07-12,4.0564,NA,NA,NA,NA
2005-07-12,4.044,NA,NA,NA,NA
2005-07-12,3.9933,NA,NA,NA,NA
2005-07-13,3.7973,NA,NA,NA,NA
2005-07-14,3.8247,NA,NA,NA,NA
2005-07-24,3.6059,NA,NA,NA,NA
2005-07-25,3.3226,NA,NA,NA,NA
2005-07-25,3.4629,NA,NA,NA,NA
2005-07-26,17.8145,NA,NA,NA,NA
2005-07-28,3.4643,NA,NA,NA,NA
2005-07-29,3.3425,NA,NA,NA,NA
2005-07-30,3.6357,NA,NA,NA,NA
2005-07-31,3.5297,NA,NA,NA,NA
2005-08-01,3.684,NA,NA,NA,NA
2005-08-01,3.4052,NA,NA,NA,NA
2005-08-03,4.8179,NA,NA,NA,NA
2005-08-04,4.9447,NA,NA,NA,NA
2005-08-05,6.5861,NA,NA,NA,NA
2005-08-06,6.1986,NA,NA,NA,NA
2005-08-08,4.7258,NA,NA,NA,NA
2005-08-09,4.5589,NA,NA,NA,NA
2005-08-10,5.0644,NA,NA,NA,NA
2005-08-11,4.7304,NA,NA,NA,NA
2005-08-15,4.9997,NA,NA,NA,NA
2005-08-16,5.0978,NA,NA,NA,NA
2005-08-17,4.8363,NA,NA,NA,NA
2005-08-18,5.689,NA,NA,NA,NA
2005-08-19,4.7678,NA,NA,NA,NA
2005-08-20,4.7489,NA,NA,NA,NA
2005-08-22,4.7097,NA,NA,NA,NA
2005-08-23,4.6631,NA,NA,NA,NA
2005-08-24,4.6117,NA,NA,NA,NA
2005-08-25,4.544,NA,NA,NA,NA
2005-08-26,4.6284,NA,NA,NA,NA
2005-08-27,4.5165,NA,NA,NA,NA
2005-08-28,4.9034,NA,NA,NA,NA
2005-08-29,4.4182,NA,NA,NA,NA
2005-08-30,4.2608,NA,NA,NA,NA
2005-09-01,3.9303,NA,NA,NA,NA
2005-09-05,4.2045,NA,NA,NA,NA
2005-09-08,4.0877,NA,NA,NA,NA
2005-09-11,4.4944,NA,NA,NA,NA
2005-09-13,3.7183,NA,NA,NA,NA
2005-09-20,4.0304,NA,NA,NA,NA
2005-09-22,4.0913,NA,NA,NA,NA
2005-09-27,4.0886,NA,NA,NA,NA
2005-09-30,4.0588,NA,NA,NA,NA
2005-10-14,3.8117,NA,NA,NA,NA
2005-10-18,3.919,NA,NA,NA,NA
2005-10-20,4.3176,NA,NA,NA,NA
2006-06-09,4.7203,NA,NA,NA,NA
2006-06-09,4.7188,NA,NA,NA,NA
2006-06-16,4.7834,NA,NA,NA,NA
2006-06-16,4.8692,NA,NA,NA,NA
2006-06-16,4.8082,NA,NA,NA,NA
2006-06-16,4.7815,NA,NA,NA,NA
2006-06-16,4.8668,NA,NA,NA,NA
2006-06-16,4.8062,NA,NA,NA,NA
2006-06-23,5.0019,NA,NA,NA,NA
2006-06-23,5.0829,NA,NA,NA,NA
2006-06-23,4.9988,NA,NA,NA,NA
2006-06-23,5.0793,NA,NA,NA,NA
2006-06-30,5.0511,NA,NA,NA,NA
2006-06-30,5.0477,NA,NA,NA,NA
2006-07-08,4.8962,NA,NA,NA,NA
2006-07-08,4.8936,NA,NA,NA,NA
2006-07-14,4.6067,NA,NA,NA,NA
2006-07-14,4.6058,NA,NA,NA,NA
2006-08-28,5.91,NA,NA,NA,NA
2006-08-28,5.5,NA,NA,NA,NA
2006-10-06,5.33,NA,NA,NA,NA
2006-10-20,5.09,NA,NA,NA,NA
2006-11-06,5.19,NA,NA,NA,NA
2006-11-06,4.56,NA,NA,NA,NA
2007-02-08,4.09,NA,NA,NA,NA
2007-02-22,4.61,NA,NA,NA,NA
2007-03-21,4.65,NA,NA,NA,NA
2007-04-05,4.36,NA,NA,NA,NA
2007-05-23,4.08,NA,NA,NA,NA
2007-05-23,4.05,NA,NA,NA,NA
2007-07-03,3.75,NA,NA,NA,NA
2007-07-05,3.93,NA,NA,NA,NA
2007-07-22,4.61,NA,NA,NA,NA
2007-09-06,3.6629,NA,NA,NA,NA
2007-09-06,3.8885,NA,NA,NA,NA
2007-09-06,3.9845,NA,NA,NA,NA
2007-09-06,4.0459,NA,NA,NA,NA
2007-09-06,3.5627,NA,NA,NA,NA
2007-09-11,3.9117,NA,NA,NA,NA
2007-09-11,4.1273,NA,NA,NA,NA
2007-09-13,3.9561,NA,NA,NA,NA
2007-09-18,4.0521,NA,NA,NA,NA
2007-09-18,4.0469,NA,NA,NA,NA
2007-09-20,3.8038,NA,NA,NA,NA
2007-09-25,3.7523,NA,NA,NA,NA
2007-09-25,3.88,NA,NA,NA,NA
2007-09-27,3.766,NA,NA,NA,NA
2007-10-02,4.2083,NA,NA,NA,NA
2007-10-04,4.358,NA,NA,NA,NA
2007-10-04,4.2006,NA,NA,NA,NA
2007-10-09,4.0824,NA,NA,NA,NA
2007-10-11,3.9915,NA,NA,NA,NA
2007-10-11,3.9418,NA,NA,NA,NA
2007-10-16,4.0614,NA,NA,NA,NA
2007-10-18,3.8159,NA,NA,NA,NA
2007-10-23,3.8202,NA,NA,NA,NA
2007-10-25,3.7284,NA,NA,NA,NA
2007-10-30,4.025,NA,NA,NA,NA
2007-11-06,3.9566,NA,NA,NA,NA
2007-11-08,3.8935,NA,NA,NA,NA
2007-11-13,3.9336,NA,NA,NA,NA
2007-11-13,3.8762,NA,NA,NA,NA
2007-11-20,3.75,NA,NA,NA,NA
2007-11-27,3.69,NA,NA,NA,NA
2007-11-29,3.8069,NA,NA,NA,NA
2008-01-07,4.515,NA,NA,NA,NA
2008-01-07,4.5452,NA,NA,NA,NA
2008-01-18,5.1231,NA,NA,NA,NA
2008-01-24,5.0486,NA,NA,NA,NA
2008-01-29,6.1326,NA,NA,NA,NA
2008-01-30,6.2058,NA,NA,NA,NA
2008-01-31,6.2774,NA,NA,NA,NA
2008-01-31,6.3535,NA,NA,NA,NA
2008-02-01,5.2114,NA,NA,NA,NA
2008-02-02,5.0279,NA,NA,NA,NA
2008-02-03,5.1353,NA,NA,NA,NA
2008-02-04,4.8959,NA,NA,NA,NA
2008-02-04,4.9775,NA,NA,NA,NA
2008-02-05,4.8535,NA,NA,NA,NA
2008-02-05,4.8985,NA,NA,NA,NA
2008-02-06,4.9475,NA,NA,NA,NA
2008-02-07,5.0144,NA,NA,NA,NA
2008-02-08,5.0144,NA,NA,NA,NA
2008-02-09,5.0156,NA,NA,NA,NA
2008-02-09,5.0674,NA,NA,NA,NA
2008-02-10,5.0561,NA,NA,NA,NA
2008-02-11,5.0026,NA,NA,NA,NA
2008-02-12,4.9919,NA,NA,NA,NA
2008-02-13,4.8349,NA,NA,NA,NA
2008-02-13,4.8839,NA,NA,NA,NA
2008-02-15,5.0077,NA,NA,NA,NA
2008-02-16,5.0319,NA,NA,NA,NA
2008-02-19,5.1139,NA,NA,NA,NA
2008-02-20,5.1504,NA,NA,NA,NA
2008-02-21,5.1892,NA,NA,NA,NA
2008-02-23,5.1729,NA,NA,NA,NA
2008-02-23,5.1836,NA,NA,NA,NA
2008-02-25,5.1246,NA,NA,NA,NA
2008-02-26,5.3584,NA,NA,NA,NA
2008-02-28,5.4377,NA,NA,NA,NA
2008-03-01,5.5107,NA,NA,NA,NA
2008-03-01,5.5602,NA,NA,NA,NA
2008-03-03,5.5726,NA,NA,NA,NA
2008-03-04,5.6603,NA,NA,NA,NA
2008-03-06,5.73,NA,NA,NA,NA
2008-03-09,5.7227,NA,NA,NA,NA
2008-03-09,5.739,NA,NA,NA,NA
2008-03-15,5.6245,NA,NA,NA,NA
2008-03-15,5.5991,NA,NA,NA,NA
2008-03-18,5.8139,NA,NA,NA,NA
2008-03-20,5.8106,NA,NA,NA,NA
2008-03-25,5.6611,NA,NA,NA,NA
2008-03-25,5.6772,NA,NA,NA,NA
2008-03-27,5.4817,NA,NA,NA,NA
2008-04-01,6.0963,NA,NA,NA,NA
2008-04-03,5.7165,NA,NA,NA,NA
2008-04-08,5.6362,NA,NA,NA,NA
2008-04-08,5.6616,NA,NA,NA,NA
2008-04-10,5.6999,NA,NA,NA,NA
2008-04-15,5.3803,NA,NA,NA,NA
2008-04-24,5.176,NA,NA,NA,NA
2008-05-20,4.4894,0.1815,NA,NA,NA
2008-05-22,4.5898,0.2134,NA,NA,NA
2008-05-23,4.6876,0.2022,NA,NA,NA
2008-05-27,4.2343,0.1764,NA,NA,NA
2008-05-27,4.1678,0.187,NA,NA,NA
2008-05-29,4.4585,0.1881,NA,NA,NA
2008-06-03,4.6892,0.1849,NA,NA,NA
2008-06-19,3.2,0.2109,NA,NA,NA
2008-06-19,3.1507,0.1709,NA,NA,NA
2008-06-23,4.5138,0.1647,NA,NA,NA
2008-06-23,4.4952,0.1778,NA,NA,NA
2008-06-25,3.9757,0.1458,NA,NA,NA
2008-06-27,4.6663,0.1631,NA,NA,NA
2008-06-30,4.7211,0.1564,NA,NA,NA
2008-07-11,3.9873,0.1368,NA,NA,NA
2008-07-11,3.9799,0.1491,NA,NA,NA
2008-07-12,4.3752,0.1554,NA,NA,NA
2008-07-14,5.3054,0.1456,NA,NA,NA
2008-07-14,4.7674,0.2007,NA,NA,NA
2008-07-16,5.4938,0.1978,NA,NA,NA
2008-07-17,5.6554,0.2023,NA,NA,NA
2008-07-18,5.1827,0.1335,NA,NA,NA
2008-07-19,4.9153,0.1721,NA,NA,NA
2008-07-19,4.9632,0.1951,NA,NA,NA
2008-07-30,4.9225,0.1708,NA,NA,NA
2008-08-02,5.0831,0.2172,NA,NA,NA
2008-08-03,5.106,0.2112,NA,NA,NA
2008-08-04,4.9475,0.1897,NA,NA,NA
2008-08-04,4.9353,0.1811,NA,NA,NA
2008-08-06,4.7502,0.1712,NA,NA,NA
2008-08-07,4.9805,0.2434,NA,NA,NA
2008-08-08,4.948,0.2067,NA,NA,NA
2008-08-29,5.4097,0.1935,NA,NA,NA
2008-08-29,5.373,0.1607,NA,NA,NA
2008-09-05,7.5977,0.3187,NA,NA,NA
2008-09-09,7.5265,0.2908,NA,NA,NA
2008-09-11,7.2073,0.332,NA,NA,NA
2008-09-12,7.3216,0.3368,NA,NA,NA
2008-09-15,6.8018,0.3437,NA,NA,NA
2008-09-18,7.039,0.3137,NA,NA,NA
2008-09-22,6.9123,0.3284,NA,NA,NA
2008-09-25,6.8055,0.3215,NA,NA,NA
2008-09-25,6.7122,0.3348,NA,NA,NA
2008-09-29,6.448,0.3101,NA,NA,NA
2008-10-07,6.8746,0.353,NA,NA,NA
2008-10-10,6.0171,0.2927,NA,NA,NA
2008-11-24,6.2791,-0.0917,NA,NA,NA
2008-12-01,5.4922,-0.1363,NA,NA,NA
2008-12-12,5.5977,-0.1144,NA,NA,NA
2008-12-18,6.1147,-0.1265,NA,NA,NA
2008-12-18,6.2114,-0.051,NA,NA,NA
2008-12-23,5.2523,-0.0813,NA,NA,NA
2008-12-25,5.0218,-0.0652,NA,NA,NA
2008-12-26,5.3431,-0.1388,NA,NA,NA
2008-12-30,5.0878,-0.1302,NA,NA,NA
2008-12-30,5.0442,-0.1275,NA,NA,NA
2009-01-02,7.0892,0.1245,NA,NA,NA
2009-01-05,8.2437,0.1401,NA,NA,NA
2009-01-12,10.2088,0.3653,NA,NA,NA
2009-01-16,9.8753,0.4413,NA,NA,NA
2009-01-22,5.1297,0.392,NA,NA,NA
2009-01-24,4.2796,0.3282,NA,NA,NA
2009-01-24,4.2521,0.2892,NA,NA,NA
2009-01-26,8.6662,0.2021,NA,NA,NA
2009-01-26,8.6766,0.168,NA,NA,NA
2009-01-30,9.342,0.3881,NA,NA,NA
2009-02-04,9.0215,0.4696,NA,NA,NA
2009-02-06,8.9902,0.3795,NA,NA,NA
2009-02-09,8.4865,0.4424,NA,NA,NA
2009-02-10,9.2041,0.406,NA,NA,NA
2009-02-13,9.0042,0.3983,NA,NA,NA
2009-02-16,9.906,0.41,NA,NA,NA
2009-02-17,9.382,0.4266,NA,NA,NA
2009-02-20,9.8224,0.3562,NA,NA,NA
2009-02-23,9.1854,0.3453,NA,NA,NA
2009-02-27,9.7663,0.3072,NA,NA,NA
2009-03-05,10.0669,0.2784,NA,NA,NA
2009-03-10,9.5259,0.2083,NA,NA,NA
2009-03-16,9.5472,0.2135,NA,NA,NA
2009-03-20,9.7081,0.1923,NA,NA,NA
2009-03-23,9.7103,0.2429,NA,NA,NA
2009-03-27,11.3218,0.1834,NA,NA,NA
2009-03-31,10.3809,0.2089,NA,NA,NA
2009-04-03,11.0885,0.2168,NA,NA,NA
2009-04-07,11.5458,0.1975,NA,NA,NA
2009-04-12,11.0949,0.2158,NA,NA,NA
2009-04-14,10.829,0.1742,NA,NA,NA
2009-04-17,10.9623,0.1721,NA,NA,NA
2009-04-21,10.5048,0.0828,NA,NA,NA
2009-04-24,10.1861,0.1145,NA,NA,NA
2009-04-28,NA,0.0475,NA,NA,NA
2009-05-05,NA,0.0155,NA,NA,NA
2009-05-06,NA,0.0234,NA,NA,NA
2009-05-12,NA,0.0222,NA,NA,NA
2009-05-12,NA,0.0339,NA,NA,NA
2009-05-29,NA,0.1245,NA,NA,NA
2009-06-25,NA,0.0033543,NA,NA,NA
2009-07-03,11.4782,0.049,NA,NA,NA
2009-07-07,11.8658,0.0668,NA,NA,NA
2009-07-09,11.2093,0.0147,NA,NA,NA
2009-07-14,11.6271,0.0227,NA,NA,NA
2009-07-17,11.957,0.0361,NA,NA,NA
2009-07-21,11.1146,0.0128,NA,NA,NA
2009-07-24,NA,0.0155,NA,NA,NA
2009-07-24,12.8803,0.0209,NA,NA,NA
2009-07-29,12.1993,0.0201,NA,NA,NA
2009-08-07,11.3455,0.015,NA,NA,NA
2009-08-13,9.5709,0.1162,NA,NA,NA
2009-08-13,9.3894,0.1783,NA,NA,NA
2009-08-21,9.113,0.1851,NA,NA,NA
2009-08-28,NA,0.0504,NA,NA,NA
2009-09-01,9.3804,0.2055,NA,NA,NA
2009-09-04,9.8543,0.1813,NA,NA,NA
2009-09-04,9.81,0.2122,NA,NA,NA
2009-09-09,9.5432,0.038,NA,NA,NA
2009-09-11,9.7247,0.1547,NA,NA,NA
2009-09-15,9.5633,0.163,NA,NA,NA
2009-09-18,9.0035,0.1562,NA,NA,NA
2009-10-06,7.3773,0.2203,NA,NA,NA
2009-10-06,7.3773,0.2203,NA,NA,NA
2009-10-08,8.9825,0.2799,NA,NA,NA
2009-10-09,8.9825,0.2799,NA,NA,NA
2009-10-23,7.9617,0.2469,NA,NA,NA
2009-10-30,7.5591,0.2086,NA,NA,NA
2009-11-03,7.4708,0.196,NA,NA,NA
2009-11-10,7.673,0.1577,NA,NA,NA
2009-11-15,7.7556,0.1649,NA,NA,NA
2009-11-25,9.3858,0.1769,NA,NA,NA
2009-12-04,7.0848,0.1879,NA,NA,NA
2009-12-18,9.4139,0.2094,NA,NA,NA
2009-12-23,8.788,0.1827,NA,NA,NA
2009-12-30,9.0344,0.1766,NA,NA,NA
2010-01-07,9.2104,0.2011,NA,NA,NA
2010-01-07,9.293,0.2255,NA,NA,NA
2010-01-14,9.0158,0.2499,NA,NA,NA
2010-01-19,9.2142,0.1856,NA,NA,NA
2010-01-26,7.3876,0.2248,NA,NA,NA
2010-01-29,6.8754,0.3267,NA,NA,NA
2010-02-10,6.11,0.2743,NA,NA,NA
2010-02-15,6.8327,0.2275,NA,NA,NA
2010-02-15,0.2161,0.2056,NA,NA,NA
2010-02-22,6.5548,0.2914,NA,NA,NA
2010-02-23,6.5341,0.2648,NA,NA,NA
2010-02-24,6.9101,0.2506,NA,NA,NA
2010-03-02,6.8433,0.2709,NA,NA,NA
2010-03-02,6.5214,0.2178,NA,NA,NA
2010-03-03,7.1239,0.2924,NA,NA,NA
2010-03-10,8.5953,0.2441,NA,NA,NA
2010-03-16,9.2592,0.2807,NA,NA,NA
2010-03-22,8.5792,0.3011,NA,NA,NA
2010-03-22,8.5024,0.2447,NA,NA,NA
2010-03-24,8.5759,0.2261,1.10235912499084,0.201921087137662,"*pH meter problems-continual decrease"
2010-03-29,9.7903,0.2153,0.672654020699243,0.12476404766574,"*0.1600 Sulfuric acid for titration"
2010-03-31,13.8295,0.0029242,NA,NA,"*pH meter E08 error code"
2010-04-01,14.801,0.0044168,NA,NA,NA
2010-04-05,14.3983,0.064,NA,NA,"*pH meter E08 error code"
2010-04-10,13.8964,0.0135,NA,NA,NA
2010-04-14,14.6898,0.0418,NA,NA,NA
2010-04-21,14.4969,0.0090874,NA,NA,NA
2010-04-23,13.4993,0.0043967,NA,NA,"*rained last night"
2010-04-26,18.7707,0.0506,NA,NA,NA
2010-04-28,14.858,0.042,NA,NA,"*pH meter E08 error code"
2010-07-23,NA,NA,NA,NA,"*sediment sampling-2 days after 7/20/2010 dam break-lake is 5/6 empty"
2011-02-28,NA,NA,NA,NA,"Sub-sampled lake sediment samples"
2011-06-08,8.3075,0.0455,0.600854148186733,0.02786297216521,"*training Jesse Coe-meters not calibrated-temp. taken from pH meter"
2011-07-01,NA,NA,NA,NA,"*training Mark-no data"
2011-09-09,6.8494,0.0245,0.608296028599622,0.0521110253618196,"*training Marissa and Zach-temp. taken from pH meter"
2011-09-13,6.8851,0.0619,0.635253237915689,0.0598870433342087,"*temp taken from pH meter"
2011-09-16,7.1753,0.016,0.616700335033454,0.0554823530171085,NA
2011-09-20,7.3942,0.0566,NA,NA,"*Cond. Probe broken. Reading are bad until 10/18/2011 when old meter starts being used"
2011-09-20,7.3593,0.0608,0.736501344670446,0.0593012196714152,"*Cond. Probe broken. Reading are bad until 10/18/2011 when old meter starts being used"
2011-09-23,6.5767,0.0117,0.61305318318481,0.0689403376750629,"*1.6000 sulfuric acid used for titration"
2011-09-27,6.4459,0.0053704,0.542171579865504,0.0561950173397329,NA
2011-09-30,6.4186,0.026,0.602111727638877,0.0616407476801943,"*no pink for titration"
2011-10-04,6.1417,0.0269,NA,NA,NA
2011-10-04,6.113,0.0232,0.571586652383919,0.0609729568035565,NA
2011-10-07,6.7823,0.0761,0.556918759079588,0.0548348387450779,NA
2011-10-11,6.2885,0.0336,0.591645987551463,0.0573723324444753,NA
2011-10-14,6.3606,0.0554,0.576581664698366,0.0628089694980312,"*Old cond. Meter used from his point"
2011-10-18,6.2214,0.0013832,0.531626553868337,0.0554086221117611,NA
2011-10-18,6.2494,0.0025946,NA,NA,NA
2011-10-21,6.4606,0.0393,0.704231979400919,0.0523629487127762,NA
2011-10-25,6.1518,0.0389,0.59345865704766,0.0513315069782312,NA
2011-10-25,6.1511,0.0437,NA,NA,NA
2011-10-28,6.9088,0.0039283,0.522246021048507,0.0434440126382431,NA
2011-11-01,6.4802,0.00012654,0.645307746750287,0.0357690807377209,NA
2011-11-04,6.1163,0.0262,0.587970680728425,0.0447898019314917,NA
2011-11-08,6.1671,0.0086701,0.583056075069408,0.0415522522005373,"*alkalinity N/A"
2011-11-10,6.5971,0.0044072,0.896771736303312,0.0375842282216501,NA
2011-11-15,6.1692,0.0377,0.770630191055214,0.0375326910164322,NA
2011-11-18,6.6458,0.04,0.763258282566689,0.0392697227764571,NA
2011-11-22,6.0697,0.0421,0.780787042750516,0.0457835877351146,NA
2011-11-22,6.0537,0.0275,NA,NA,NA
2011-11-29,5.9459,0.0421,0.675123021081655,0.0433780140665664,NA
2011-12-02,5.9981,0.0397,0.5612679899811,0.0423684525579553,NA
2011-12-06,6.1254,0.0189,0.671191336554442,0.0432269651312741,NA
2011-12-09,5.9988,0.0437,0.769647269923411,0.0536504125183011,NA
2011-12-09,5.9988,0.0136,NA,NA,NA
2011-12-14,5.8033,0.0279,0.937890603650419,0.040160519327674,NA
2011-12-20,6.2165,0.0387,1.52633272122336,0.053414481172164,NA
2011-12-27,5.8172,0.0243,1.35939994900542,0.0333557932506903,NA
2012-01-10,6.3049,0.0155,1.40920128635013,0.0426807313447108,"*new 1.6 sulfuric acid cartridge used for titration"
2012-01-10,6.5338,0.014,NA,NA,"*new 1.6 sulfuric acid cartridge used for titration"
2012-01-13,5.8387,0.0251,1.43153827188356,0.0319665073277413,"*no IC sample taken today"
2012-01-13,5.8796,0.04,NA,NA,"*no IC sample taken today"
2012-01-17,7.5158,0.0041755,1.45339318743936,0.0409066536416176,"*alkalinity information is N/A"
2012-01-20,6.1616,0.0158,1.32813516395537,0.0303245272415765,"*.16 sulfuric acid used for titration-pH/cond meters calibrated in lab"
2012-01-24,5.6279,0.0356,1.29127538100306,0.0192142710948322,"*1.6 sulfuric acid used"
2012-01-27,5.9236,0.0343,1.48144598953767,0.0404557771670623,NA
2012-01-31,5.7252,0.034,1.47223081987738,0.0325379629761469,NA
2012-01-31,5.8112,0.048,NA,NA,NA
2012-02-03,5.6639,0.0403,1.63850758412467,0.025488221512631,NA
2012-02-07,5.6004,0.0153,1.2819788870726,0.0267465348641188,NA
2012-02-10,5.642,0.0383,1.03961765934188,0.0343249701672998,NA
2012-02-14,5.5539,0.0471,0.986855978876942,0.0316446816018376,"Lake is slightly wavy, moderate breeze, east to west. Sunny at sampling time, but cloudy most of the day"
2012-02-14,5.5475,0.0476,NA,NA,"Lake is slightly wavy, moderate breeze, east to west. Sunny at sampling time, but cloudy most of the day"
2012-02-17,5.9198,0.0452,1.03945456295713,0.0393006510666121,NA
2012-02-21,5.5877,0.033,1.06946429775017,0.02295076341146,NA
2012-02-24,6.182,0.0263,1.05706897250957,0.0311568909743651,NA
2012-02-28,5.7019,0.0385,0.82473817244064,0.023634981989274,"*DO is now measured in mg/L instead of %saturation"
2012-02-28,5.7153,0.0492,NA,NA,"*DO is now measured in mg/L instead of %saturation"
2012-03-02,6.3153,0.0308,0.795136178609464,0.0198767878104957,"*alkalinity trial 2 measurement taken"
2012-03-06,5.8662,0.0355,0.820742311014393,0.0183927811863747,NA
2012-03-09,5.6152,0.0146,0.990362551148954,0.0334447262932806,NA
2012-03-13,5.6152,0.0146,0.909792937085038,0.0308871713684031,NA
2012-03-13,5.7809,0.0419,NA,NA,NA
2012-03-16,NA,NA,1.081194,0.134924,NA
2012-03-20,NA,NA,1.042558,0.132067,NA
2012-03-21,5.88518327051611,0.219432217148739,0.332081011096857,0.0965881201063312,NA
2012-03-30,NA,NA,NA,NA,"*DO probe was malfunctioning in the field today"
2012-04-03,10.7,0.16,0.897165487394612,0.0747957428191918,NA
2012-04-13,NA,NA,NA,NA,"*pH/DO meter won't turn on, alkalinity number is from pink"
2012-05-11,5.6187,0.3126,0.472036998818252,0.0658097924731197,NA
2012-05-15,5.1958,0.3109,0.477322355193009,0.0701893943752962,NA
2012-05-18,4.8889,0.3073,0.426123337788834,0.0615146580614948,"*DO meter never stablized"
2012-05-22,NA,NA,NA,NA,"*DO meter never stablized"
2012-05-23,5.1195,0.2786,0.445794055427063,0.0654294765106339,NA
2012-05-25,5.188,0.3441,0.456134970073328,0.0696586233110645,NA
2012-05-29,5.1352,0.3014,0.454970659683526,0.0620370084613723,"*DO meter never stablized"
2012-06-01,5.548,0.3217,0.477199796204609,0.0604732079827268,"*pH meter calibrated before sampling"
2012-06-05,5.1538,0.3123,0.411155821330462,0.0646170558338348,NA
2012-06-08,4.97,0.3255,0.461221168091936,0.0616563804162827,NA
2012-06-11,4.9477,0.2805,0.407402452310706,0.0606218110766955,NA
2012-06-13,4.6591,0.3383,0.406008343817654,0.068436288661174,NA
2012-06-15,NA,NA,NA,NA,"*DO meter read 0, something wrong"
2012-06-18,4.7707,0.2765,0.398409686536843,0.0604574462639305,"*pH and Conductivity meters calibrated"
2012-06-20,4.9477,0.2805,0.407402452310706,0.0606218110766955,NA
2012-06-22,6.4674,0.1447,NA,NA,NA
2012-06-22,6.6262,0.1111,NA,NA,NA
2012-06-26,9.474343,0.163128,0.520504,0.128563,NA
2012-06-27,13.7953,0.1854,0.521768,0.131087,NA
2012-06-29,8.545932,0.150639,0.587923,0.13219,"*DO meter fixed, punctured membrane replaced"
2012-07-02,7.945488,0.163007,0.558314,0.127806,NA
2012-07-03,6.766,0.0827,NA,NA,NA
2012-07-04,8.178212,0.131473,0.562195,0.132818,"*Rained last night"
2012-07-05,7.958739,0.120794,0.523419,0.131308,"*Rained last night"
2012-07-06,8.748013,0.128611,0.614775,0.131919,NA
2012-07-09,8.983221,0.244383,0.572346,0.129705,NA
2012-07-12,NA,NA,NA,NA,"*Rained last night"
2012-07-13,7.3327,0.2265,0.490743576921556,0.078120450450932,"*Rained lightly last night and started to rain during sampling"
2012-07-13,7.3254,0.1856,NA,NA,"*Rained lightly last night and started to rain during sampling"
2012-07-16,5.7538,0.1477,NA,NA,NA
2012-07-22,6.8067,0.183,NA,NA,"*Slight rain yesterday with a very large dust storm"
2012-07-27,6.54454722188607,0.196440041789406,0.485818186823348,0.0712143472052707,NA
2012-07-29,3.83171714079799,0.189935192507682,0.456318264990653,0.173406730162009,"It's raining"
2012-07-30,4.11405684491109,0.146815990442893,0.493557086148179,0.216819504027611,NA
2012-08-01,4.90374809854724,0.0745751226484194,0.5129669937911,0.164557020481884,NA
2012-08-03,5.01657974772211,0.0521673802357478,0.499021130044356,0.142503326883252,"Meters Calibrated today"
2012-08-06,4.86466092215872,0.0530785817135462,0.50024426401525,0.147995877055917,NA
2012-08-10,4.99182453600938,0.0451265679758041,0.498609857923139,0.150642932700892,NA
2012-08-15,6.8485,0.1993,0.463662512200397,0.0688058704176944,NA
2012-08-17,NA,NA,NA,NA,"Rained 0.31in last night"
2012-08-20,NA,NA,NA,NA,"Meters calibrated AFTER measurements"
2012-08-22,5.8002,0.1105,NA,NA,NA
2012-08-24,6.1363,0.1349,NA,NA,NA
2012-08-27,6.5643,0.1926,0.421290428045428,0.0703092270116451,NA
2012-08-29,6.4574,0.1984,0.399443662905989,0.0710814927551869,NA
2012-08-31,5.7769,0.1729,0.402326818085428,0.0726369255764732,NA
2012-09-04,6.5246,0.1455,NA,NA,NA
2012-09-05,5.7908,0.2026,0.405124165075002,0.0717886549604461,NA
2012-09-05,5.9945,0.2108,NA,NA,NA
2012-09-07,5.8172,0.1471,0.4287042556497,0.0739448185383715,"It rained during the night"
2012-09-10,5.514,0.0315,0.359336601636953,0.0548015680277044,NA
2012-09-11,5.5274,0.0858,0.376204427153392,0.0618278973546365,"It rained last night"
2012-09-11,5.5431,0.0881,NA,NA,"It rained last night"
2012-09-12,5.911,0.1907,0.403751234037174,0.0694147928664392,NA
2012-09-12,5.826,0.1367,NA,NA,NA
2012-09-14,6.8407,0.042,0.372932925608064,0.0571106327435475,"No alkalinity done today?"
2012-09-18,6.5303,0.0434,0.386055383060075,0.0572857407208412,NA
2012-09-20,6.0153,0.1857,0.224774186722065,0.181969468235716,"Meters calibrated"
2012-09-21,5.8936,0.0813,NA,NA,NA
2012-09-25,5.5264,0.2239,0.4,0.1,"Triathalon over past weekend"
2012-09-25,5.649,0.2431,NA,NA,"Triathalon over past weekend"
2012-09-27,5.6246,0.127,0.399289208164233,0.0725370136252644,"Trash and grass at sample site"
2012-10-01,5.7598,0.219,0.191307311688919,0.189651501460962,"Lots of grass and leaves in water"
2012-10-03,5.9184,0.199,0.172761973294756,0.177980683322928,"Lots of grass at sample site"
2012-10-05,NA,NA,NA,NA,"Meter only"
2012-10-08,5.1446,0.1936,1.48262693080222,0.0389604433804352,NA
2012-10-11,5.2166,0.0798,0.353486279865507,0.0804354287507298,"Rained in the morning"
2012-10-15,5.0161,0.3129,NA,NA,NA
2012-10-15,5.1419,0.1097,NA,NA,NA
2012-10-16,5.2906,0.131,0.403579617657446,0.0777604497372945,NA
2012-10-19,5.4359,0.1143,0.392217705979864,0.0759337932358947,"Grass and trash at sample site"
2012-10-22,4.971,0.0839,NA,NA,NA
2012-10-26,5.2312,0.1278,0.336648060963585,0.0755957403372999,"Grass and trash at sample site"
2012-10-30,5.0833,0.138,0.364588376183129,0.0698098367163437,NA
2012-11-02,4.9449,0.0881,NA,NA,"meter in shop"
2012-11-05,4.8998,0.0997,0.342645355457418,0.0756249945658134,"meter in shop"
2012-11-05,4.8991,0.1283,NA,NA,"meter in shop"
2012-11-09,5.1258,0.1824,0.365600912823527,0.0786344270723446,"meter in shop"
2012-11-09,5.106,0.1377,NA,NA,"meter in shop"
2012-11-13,5.6056,0.0977,0.364300784474063,0.0773320615986882,"meter in shop"
2012-11-16,5.3623,0.1385,0.355916901422479,0.0715701101036263,"meter in shop"
2012-11-16,5.0236,0.1174,NA,NA,"meter in shop"
2012-11-19,5.0286,0.2266,1.43679649683964,0.295902449836937,"meter in shop"
2012-11-19,4.9537,0.2032,NA,NA,"meter in shop"
2012-11-21,4.6958,0.077,NA,NA,"meter in shop"
2012-11-26,5.0236,0.1174,0.368298980803285,0.0744593730614636,"meter in shop"
2012-11-30,4.5441,0.1723,0.113534950943105,0.185525504182078,"meter in shop"
2012-12-04,4.5281,0.1147,NA,NA,"meter in shop"
2012-12-04,4.5103,0.0781,NA,NA,"meter in shop"
2012-12-07,4.8438,0.1778,0.366373186532305,0.0819054292442671,"meter in shop"
2012-12-10,4.3473,0.1897,0.11796222005577,0.189437832000268,"meter in shop"
2012-12-26,4.3055,0.2075,0.16590790481663,0.119301726545182,"Meters calibrated"
2012-12-28,4.4274,0.1789,0.106000394805069,0.177561374653553,"Lots of floating grass near site"
2012-12-28,4.3686,0.1778,NA,NA,"Lots of floating grass near site"
2013-01-08,4.0089,0.1821,0.0988101818202411,0.177828517256774,"sunny, calm water, ducks near sampling site, *Calibrated meter AFTER measurement"
2013-01-11,4.2791,0.1789,0.120913732797546,0.172520811960527,"sunny, windy, cold, debris near sampling site"
2013-01-14,4.0698,0.2157,0.0926284023555201,0.181855179984755,"sunny, windy, cold, freezing last night"
2013-01-18,3.8511,0.1866,0.320624563011261,0.129339508042192,"sunny, very windy, no sus. sediment data"
2013-01-18,3.7571,0.2005,NA,NA,"sunny, very windy, no sus. sediment data"
2013-01-22,4.0194,0.0862,0.274350463999832,0.0584613045269634,"sunny, cold, a lot of waves on surface of lake"
2013-01-25,4.0044,0.0609,0.285285845209841,0.0561863217444353,"overcast, warming up, calm surface, DO meter not stabilizing, reading kept dropping below 1, *Meter calibrated AFTER measurement"
2013-01-25,4.0171,0.0573,NA,NA,"overcast, warming up, calm surface, DO meter not stabilizing, reading kept dropping below 1, *Meter calibrated AFTER measurement"
2013-01-28,3.9604,0.0374,0.664178578501306,0.060441880463534,"rained a lot over last few days, sky is dark, cold breeze, surface of lake is wavy, *DO meter reading decreasing slowly"
2013-02-01,3.9589,0.09,0.557030068278567,0.0568541986460849,"smooth, cool, smells of rotting fish, ducks, clear/calm weather"
2013-02-04,4.4992,0.0498,0.458848570648035,0.0707865950298526,"sunny, surface calm, grass near sampling site, dead fish, *DO meter reading decreasing continuosly"
2013-02-08,3.9619,0.0317,0.29611187260775,0.0599817887122427,"windy, sunny, duck near sampling site, *DO meter reading decreasing continuously"
2013-02-08,3.9313,0.0956,NA,NA,"windy, sunny, duck near sampling site, *DO meter reading decreasing continuously"
2013-02-11,3.9268,0.0366,0.346560431256592,0.0560727032056802,"sunny, colder than normal, windy, rained a lot today, *DO meter reading decreasing continuously"
2013-02-15,4.2649,0.0651,0.39252548360933,0.0561911754653176,"sunny, light wind, *DO meter broken"
2013-02-21,4.1186,0.0813,0.325090632814274,0.0557489540932645,"sunny, rained/hailed yesterday, slight breeze, *DO meter broken"
2013-02-25,4.0619,0.0303,0.351317322082946,0.0605777147917419,"sunny, slight breeze, debris near sampling site, *DO meter broken"
2013-02-25,4.035,0.0498,NA,NA,"sunny, slight breeze, debris near sampling site, *DO meter broken"
2013-03-01,3.788,0.0744,0.350989260646646,0.0643981776776803,"hot, sunny, lake is calm, *DO meter broken"
2013-03-04,4.0962,0.0819,0.333328619992481,0.0557924437164438,"sunny, slight breeze, *DO meter broken"
2013-03-09,4.0761,0.0633,0.373552597209964,0.0676370466038047,"no meter measurements, sus. Sed, or alk, water kit collected, rained a lot before sampling"
2013-03-18,NA,NA,NA,NA,"sunny, warm, grass near sampling site, *DO meter broken"
2013-03-21,NA,NA,NA,NA,"sunny, slight breeze, *DO meter broken"
2013-03-25,5.05848154178357,0.205305527908712,0.344744845494346,0.102495301380276,"sunny, debris near sampling site, *DO meter broken"
2013-04-08,5.24423427589385,0.162041742547723,0.373613937964173,0.0995166654287551,"extremely windy, sunny, large waves on surface, *DO meter broken"
2013-04-11,4.92335153081544,0.176937016326662,0.406729030546774,0.1054458917719,"moderately windy, small waves, sunny, clear sky"
2013-04-15,NA,NA,NA,NA,"lake is calm & warm, 2L collected for B5 inoculum, no sus. Sed, alk, or DO reading"
2013-04-19,NA,NA,NA,NA,"lake is calm, warm, sunny, some grass near sampling site"
2013-04-23,4.48815941089994,0.203368118535308,0.33305443907031,0.0984731424633988,"hot, light breeze, low circulation, *no DO reading"
2013-04-26,NA,NA,NA,NA,"hot, little water flow, slight wind"
2013-05-03,4.47101300467438,0.203963372620868,0.354404959288039,0.0965317793879201,"hot, lake is calm, sunny"
2013-05-07,4.5616440090095,0.177773937023291,0.342594033210146,0.0950572612658898,"hot, lake is calm, sunny"
2013-05-13,4.33512492157292,0.216844665050212,0.406918493361177,0.109035423177435,"hot, lake is very calm, sunny with clear skies, a lot of mosquitoes at sampling site, *meters calibrated after this run"
2013-05-20,5.27654695269882,0.19408559401447,0.361588073462385,0.126189407443983,"sunny, clear sky, lake is calm, grass and a lot of mosquitoes by sampling site"
2013-05-28,5.42306233329537,0.216752305403642,0.358086868165748,0.109218457093951,"hot, sunny, a little overcast but not blocking out sun, a lot of debris at sampling site (leaves, grass, dead baby fish, dead fish about 5 meters from sampling site)"
2013-05-31,5.09603352798594,0.165408960021019,0.339432298146098,0.109111788067211,"sunny, hot, lake is calm"
2013-06-03,5.19559922861233,0.197483179881454,0.365904374171997,0.10895756447283,"hot, very breezy, surface of lake calm (tiny waves), clear sky, mosquitoes at sampling site"
2013-06-04,NA,NA,NA,NA,"hot, lake is calm, slight breeze, no alkalinity or sus. Sed"
2013-06-10,5.10331882315373,0.215803170461627,0.374018278510236,0.116856764170866,"light breeze, few wisps of cloud (does not block out sun), lake has strong current, small waves, mosquitoes at sampling site"
2013-06-17,4.32460171744168,0.21036306666069,0.336820287845432,0.118241055325206,"sunny, hot, no clouds, very light breeze, mosquitoes at sampling site, small waves on surface, fast current, *meters calibrated before this run"
2013-06-24,3.94355688935465,0.190859924969168,0.323533386415681,0.103015185304321,"breezy, small waves on surface, slow current, clouds in sky but not blocking out sun, no mosquitoes present at sampling site today, boat passed by when sampling, *conductivity probe in shop"
2013-06-28,4.41040630497336,0.258976375699668,0.359161312119214,0.108243294197091,"calm, sunny, hot"
2013-07-01,4.42416741806806,0.19820690054428,0.358716714621228,0.11330298457646,"calm, slow current, haboob last night. A lot of long leaves near sample site and small amount of ash. Lot of organic material at site, baby fish"
2013-07-04,4.26308144713594,0.17775211391629,0.324482707276329,0.11265640909567,"hot, sunny, partly cloudy, strong current, wavy, some small amt of grass at sample site"
2013-07-08,4.19103797269897,0.188222224635175,0.334060078378771,0.110742404963871,NA
2013-07-11,3.957099050089,0.181714994254923,0.325483051646797,0.110515330763734,NA
2013-07-15,4.64879735240808,0.187954408201356,0.309199668283071,0.113476216109321,NA
2013-07-17,4.09460856324653,0.208968522928761,0.325600762016443,0.105060649000047,NA
2013-07-22,4.41222532618673,0.218954122335154,0.334287447836683,0.0978472061396422,"Really dirty from rain over weekend; construction behind sample site; hot, a few clouds, slow current, pretty calm"
2013-07-25,5.43447773544415,0.180426495297655,0.393434785652191,0.101650883410041,"It rained this morning (over 1inch). The lake is really murky and gross looking. We sampled at south shore boat tie up number 5 (not number 8). IQ meter conductivity and pH probes are broken so thermo conductivity meter was used instead"
2013-07-29,4.77760707789815,0.219491907896744,0.349806670956301,0.0984591818199293,"It was hot. No meter measurements because there were no meters (meters with CO River field group). The water was calm, no clouds"
2013-08-02,4.67518770725158,0.186473787719748,0.430231879872664,0.15099755013874,"The lake is calm. There were some fishes at the boat dock. No meter readings were taken"
2013-08-05,4.51273828877338,0.204029636951076,0.408550394130915,0.104906943139141,"It is very windy and a little overcast; surface of the lake has big waves. The water is shallower than usual at sampling site. Meters used for readings: IQ for DO; Thermo for Cond.; Borrowed Beckman Coulter pH meter for pH"
2013-08-07,4.55441525248381,0.239667650348424,0.445110557479989,0.118910588866256,"The lake is moving, and there is a slight breeze. There was some rain yesterday. Sampled at boat dock 5 (Not boat dock 8). Beckman Coulter pH meter and IQ DO meter used"
2013-08-09,4.67444490796986,0.234276584486159,0.382746877481484,0.113222093802187,"Hot, lake is calm, no meter measurements taken"
2013-08-12,4.62248138820343,0.174530631319154,0.390383027215499,0.15275535388624,"Hot, sunny, lake is calm. Grass in lake at sample site"
2013-08-16,4.81600611692219,0.225130934205763,0.396337666364594,0.149677672714101,"slight breeze; surface of the lake has a lot of small waves. There is a bit of debris and grass at sampling site; hot, a little overcast. Alkalinity measurement is questionable."
2013-08-19,4.98176950202017,0.202299782174029,0.432454451250242,0.15026068291109,"hot, humid surface of lake is calm, overcast bery light"
2013-08-23,4.69128123978536,0.173068994903707,0.402023744805565,0.147414204064068,"hot, sunny, breezy, no pH"
2013-08-28,4.82646691306915,0.197642884191441,0.419813576540265,0.148245351896138,"hot, breezy, lake is wavy, grass at sample site"
2013-08-30,4.68851510551718,0.277024267353934,0.399080569059378,0.125567682327039,"hot, partly cloudy, grass at sample site"
2013-09-06,5.31684395501248,0.226226621611453,0.413049153419238,0.127138330333597,"hot, a light breeze, no clouds, surface of lake is calm"
2013-09-09,5.06223716468909,0.172547400476255,0.457328729250973,0.148464539222407,"Raining while sampling, Rained a lot this week. Cool, cloudy outside. NO METERS DUE TO RAIN!!"
2013-09-13,5.35192075029721,0.231871862322478,0.475072257415307,0.153293116464034,"Breezy, sunny, hot, partly cloudy, debris (grass particles, leaves) at sample site"
2013-09-20,5.87958693233109,0.238232152184824,0.454509100614992,0.131479394882098,"Breezy, sunny, lake level seems lower than usual, and water appears murkier. Surface of lake is calm"
2013-09-23,5.7994264218929,0.236076291299464,0.461827747207791,0.13354227988818,"warm, sunny, lake is calm"
2013-10-04,5.79132940063651,0.233879924300957,0.450199643738014,0.131601586185339,"Sunny, strong breeze, lake surface has high waves"
2013-10-15,4.95207314741244,0.21213045009038,0.467474621736244,0.127127652507876,"Sunny, lake is calm, a lot of grass and a large trash bag in the water. First time using new probe!!!!!"
2013-10-17,5.33870591240472,0.233431428433021,0.418640302212213,0.129151932212439,"Mild, clear skies, calm water, not a lot of debris at sample site"
2013-10-27,5.53222472043226,0.294257144444261,0.439537453016525,0.126140753596914,NA
2013-11-01,5.85124735793375,0.261680124615949,0.471412573710035,0.123692938029054,"clear skies, calm waters, no debris"
2013-11-14,4.86670074440361,0.18874191359679,0.397837902044459,0.150028386941238,"sunny, lake is calm"
2013-11-20,5.15904345741942,0.262071875742478,0.388108704364814,0.0842599182828511,"Ironman on 11/17/2013. Cloudy, about to rain, calm waters"
2013-11-22,4.80258614302948,0.291552659619432,0.354525012764,0.0920871859685655,"raining, rained the day before"
2013-11-27,NA,NA,NA,NA,"Windy, cold, overcast"
2013-12-04,4.45461590755358,0.298631808607549,0.331598377805826,0.0858116371734609,"Lots of waves, VERY windy with slight sprinkling. Overcast"
2013-12-06,4.35721657334953,0.294271989399661,0.31333814634798,0.0811610455734392,"light wind, surface of lake is wavy, strong current, no clouds"
2013-12-12,4.28366188942779,0.336380686167402,0.339715037176087,0.0863416468526526,"Windy, the lake is VERY WAVY, flowing west"
2013-12-16,4.35075022751025,0.281300935208826,0.36165974552898,0.0939639635058011,NA
2013-12-20,4.52817059147532,0.324677942814149,0.39341471143372,0.097136341941867,"Rained a bit last night, cloudy, cool, lake is calm"
2013-12-26,4.15433497264233,0.331484423423272,0.31966211402603,0.0818966929458291,"Cool, windy, lake is wavy. Sunny"
2013-12-30,4.34266729521116,0.291552659619432,0.340003309206996,0.0953206154241208,"meters calibrated, sunny, cool, lake is calm"
2014-01-03,4.24405552116224,0.273379291217288,0.437457272655924,0.0820418944208196,"sunny, cool, slight breeze"
2014-01-07,4.09613786008887,0.311050826754721,0.3230763358921,0.0844301840597459,"sunny, cool, slight breeze"
2014-01-10,4.03707914228703,0.220345004997095,0.396272841366081,0.151744429324815,"cool, slight breeze, lake is calm"
2014-01-13,3.90855429705621,0.166847410813891,0.393872466440657,0.169099842349229,"cool, lake is very calm, a bit of debris at sample site"
2014-01-17,3.98789777324871,0.161411918074529,0.413745493294557,0.165782972799151,"sunny, warm, lake is calm"
2014-01-21,3.75644504217939,0.171252872420562,0.456803718144672,0.167501786472297,"sunny, warm, lake is calm, slight breeze"
2014-01-24,3.7759959923264,0.150359813196526,0.363300785445219,0.135544415516538,NA
2014-01-28,3.73113775129391,0.148239553113341,0.370128966868362,0.140220695095895,NA
2014-01-31,3.93367846439495,0.134541396097441,0.386131712875642,0.121276115391206,"overcast, lake not really moving. Aaron training day"
2014-02-04,3.6830939413523,0.126691717363885,0.336881168442797,0.127793875417513,"meters calibrated, cool, mostly sunny, slight breeze"
2014-02-07,3.62793409671231,0.108380327023839,0.334289831041621,0.114004129665221,"mostly sunny, but cloudy and cool all week"
2014-02-11,3.88306149386703,0.106651271877668,0.342095995314029,0.117736193921288,"sunny, warm, A LOT of trash (cigarettes, bottles, plastics) and glass at sample site today"
2014-02-14,3.62958007991975,0.126905866926658,0.37296350763303,0.114253102758665,"warm, sunny, lake is calm---no debris!!"
2014-02-17,3.72916206397047,0.113839483527005,0.352096048891755,0.11260380927594,"warm, sunny, lake is calm"
2014-02-21,3.70776428227362,0.11456647550207,0.336262630727022,0.122727704141688,"lake is calm, sunny, warm"
2014-02-26,3.61229725624153,0.119626631881367,0.338065361474027,0.111665026230818,"sunny, warm, lake is calm, a bit of debris in the lake near sampling site"
2014-02-28,3.53658202869884,0.117130383001738,0.363745771171929,0.115327283392375,"warm, partly cloudy, rain projected for TOMORROW!!"
2014-03-01,3.70776428227362,0.104706207546316,0.340123195628627,0.112823310642617,"Rained over the night, started raining right when Zach got to sample site. NO METER READINGS DUE TO RAIN"
2014-03-02,3.77442660217534,0.126508377204215,0.330327224776977,0.117583765344361,"rained a lot between today and yesterday. Cloudy, cool, slight breeze, lake level VERY HIGH. No meter data"
2014-03-04,3.74932535826173,0.113144788300699,0.450004736726734,0.119259716982465,"Quite a bit of stuff/debris/grass/trash floating near sample site. Cloudy, warmish"
2014-03-07,3.92326008623865,0.15786681686952,0.320981590785319,0.0520293804042927,"warm, sunny, some grass/trash in water. Weird buoys along morth half of lake. Maybe a race?"
2014-03-13,4.09521481573383,0.144140106490401,0.315154033666875,0.0462991364539358,"warm, sunny, lake is calm, clear"
2014-03-18,3.97202336773728,0.151134875649462,0.317425196410921,0.0650047092488951,"warm, sunny, lot of grass and trash near sample site. Lake level seems lower than normal"
2014-03-21,3.86080886607373,0.144538872243074,0.303815825859389,0.0593403826054136,"beautiful morning, warm, no clouds, a bit of grass near sample site"
2014-03-25,3.71109703691125,0.130462125393171,0.289044465066716,0.0551041839827573,"warm, sunny, lake was clear calm and fairly clean"
2014-03-28,3.86508634690694,0.154301679205112,0.300312249223224,0.0502788031220535,"the lake is extremely calm. There are dead fish in the water near the sample site"
2014-04-01,3.62212543558041,0.165488626853285,0.297178396754695,0.0453555559485023,"lake is calm, sunny warm, lot of grass/trash in lake"
2014-04-04,3.5992809222918,0.0995524742669185,0.34583912277984,0.0932535183188215,"sunny, warm, lake is a bit wavy, rained a tiny bit this week"
2014-04-08,3.39049516453977,0.124868109204865,0.34431686565759,0.0827470998150555,"warm, sunny, there was a triathalon this weekend"
2014-04-15,3.87684316495039,0.146117123442424,0.391971525463598,0.0938874858292416,"warm, mostly sunny, dead fish on the sides. Somewhat dirty. A 'shallow water' bouy pole appeared today in water at sample site… pH was calibrated before sampling"
2014-04-18,4.00211461960161,0.101894547851006,0.405912195951569,0.0910842228173627,"was sprinkling rain at sampling time. There was also a ridiculous amount of flies, that made sampling unpleasant.."
2014-04-22,3.9145064781135,0.15468507058729,0.37267891940898,0.0796465793316974,"hot, sunny, construction has been going on ~2weeks on grassy area just south of site. Smelly dead fish are everywhere."
2014-04-25,3.88830591243481,0.114811323449835,0.316547690995918,0.0816403262587524,"sunny, warm, construction still going on. Still a lot of flies, but no dead fish. Meter calibrated today"
2014-04-29,4.12643281662409,0.029481482261903,0.286388058657214,0.03185203712915,"sunny, warm, very windy. Lot of trash near sample site."
2014-05-02,4.10215948069831,0.034884711638374,0.284528921410684,0.0320271932874701,"training Josh. Hot, lot os flies, dead fish"
2014-05-07,4.17079443055739,0.0149783573981522,0.288281308513772,0.0329581627236724,"sunny, breezy, lots of flies, construction near samplee site"
2014-05-09,4.19883431860958,0.00832447968661994,0.319306727334308,0.0307554197285655,"SUNNY, CALM, DEBRIS IN WATER"
2014-05-14,4.12978086295868,0.00701514793655148,0.277109428729577,0.0383478447671705,"sunny, windy"
2014-05-16,4.47379262383772,0.0149013173755634,0.29993076483836,0.0253423626154797,"lake is calm, lots of flying bugs, very murky"
2014-05-19,4.53238343469303,0.0135499021019826,0.305132937867642,0.0261282670102468,"lake is calm, sunny, low winds. Murky, lots of little green flying bugs"
2014-05-23,4.70564483250802,0.00723099855521765,0.305934584203302,0.0302718384270809,"slightly breezy, warm, sunny, smelly, lots of flies"
2014-05-27,4.76800219548975,0.0237792844730653,0.289628756609881,0.0271729174452403,"HOT! Smelly, water level low, flies"
2014-05-30,4.95088922651668,0.00874776579405547,0.311853122043173,0.0338217018563443,"warm, sunny, flies"
2014-06-06,4.53826983299449,0.00114782602502995,0.258131958928436,0.00868670306803132,"warm, sunny, a lot of debris at the surface of the water"
2014-06-09,4.30519613360676,0.019391735306755,0.250738392827707,0.00643292374434101,"warm, calm, construction, no clouds,. Broken pH probe"
2014-06-13,4.53826983299449,0.00114782602502995,0.258131958928436,0.00868670306803132,"warm, calm, low water, bugs. Broken pH probe"
2014-06-18,3.96461308696623,0.0325802170439655,0.25441790119092,0.0100630061703121,"calm, hot, sunny, no clouds, bugs. Broken pH probe"
2014-06-23,4.16568018679016,0.00148826487003153,0.314326516231403,0.00648901953811345,"calm, hot, no clouds, no bugs!!!"
2014-06-26,3.83353120433017,0.0354865550248601,0.274310715695062,0.00307621902593826,NA
2014-07-01,3.74669563131182,0.045362089424866,0.242235081509183,0.00109004622859678,"Hot, sunny, lake is calm"
2014-07-03,3.66014005009001,0.00679255929791681,0.253562804176934,0.00643513113514194,"No meter measurements, only water sample. Conditions: Hot, sunny, humid, calm"
2014-07-08,3.78765580726387,0.0281400146268343,0.24391773772877,0.00239968429185159,"Hot, sunny, humid, hot"
2014-07-09,3.72457713629771,0.0284920425941908,0.248755374360083,0.00116012202946707,"Rained/dust storm last night. Cloudy, humid, calm waters, slight breeze"
2014-07-11,3.62176709465805,0.027848851477528,0.24500445320392,0.000728905144595082,"windy and lake is wavy. Very humid, murky"
2014-07-14,3.69017058849798,0.0400710645956584,0.248492459325772,0.00461625478307592,"The lake is moving, slight breeze. There was a bit of a downpour last night"
2014-07-16,3.5092341307848,0.079850932843105,0.250005331682839,0.0320392791385431,"the lake is calm, clear skies"
2014-07-18,3.72350125817161,0.0689542255006273,0.268046691801133,0.0226117614218679,NA
2014-07-21,3.63046421601681,0.0589863594482773,0.27706737186028,0.0219948537574167,"hot, cloudy, mild flow"
2014-07-23,3.57931398071958,0.0498365344300023,0.277918721183131,0.0199635254677054,"lake is moving w breeze towards the west. Very hot"
2014-07-25,3.70980749439125,0.0705819406788981,0.285997482842528,0.0180766947402616,"the lake is hot"
2014-07-28,3.391628865377,0.0464430943468192,0.248972844206189,0.0206523026558031,"very humid, forgot gloves today"
2014-07-30,3.47983281443285,0.0579487116163585,0.264813375755836,0.0216493414635156,"it’s hot"
2014-08-01,3.58978568243398,0.094482736057166,0.244172683130539,0.0209312488810296,"cloudy and it looks like rain"
2014-08-04,3.44801495153142,0.0533742628270816,0.260203409741674,0.0321583908845961,"hot , sunny, lake is calm. Sampled from 100m east of normal sample site because of construction workers"
2014-08-06,3.44318185843247,0.0665439583679718,0.26444204254055,0.0210931866562499,"hot, sunny, sampled 100m east of normal sample site construction crew seemed to be pumping water into the lake…"
2014-08-12,3.26435741377129,0.0601668736477022,0.236764132640195,0.0203158715677887,"tried to calibrate pH/DO probes yesterday, did not calibrate. Conductivity calibrated yesterday"
2014-08-13,3.35054757403592,0.0604686078850252,0.28387816644309,0.0233073278279066,"hot, humid, rained a lot last night. Lots of trash, plant materal near site."
2014-08-15,3.37874061711313,0.0736384404588989,0.237053953686272,0.0214324681479047,"hot, sunny lake is clear and calm"
2014-08-19,3.24301125258426,0.0536158500840908,0.230741289026407,0.0221743201622535,"cloudy humid warm, rained last night/this morning."
2014-08-22,3.96041829038784,0.121747455373444,0.325485691310725,0.0447603874689317,"Cloudy, kind of cooler, been pretty rainy this week"
2014-08-26,3.98283122226727,0.067813994611958,0.278043745163419,0.0499321734483925,"sunny, hot, lake is calm but some grass in the water near sampling"
2014-09-02,3.85555778766622,0.0734051153050181,0.261047093516627,0.0423903244561251,"sunny, hot some grass in lake near site"
2014-09-05,3.75429936328236,0.0894755382549776,0.259475832479697,0.0431485329948322,"sunny, rained a little last night"
2014-09-09,4.08769172498889,0.0589307460090773,0.964025902383132,0.0446378354877971,"most rain in 100yrs happened yesterday (~4inches). Lake isBROWN. Very little visibility, looks like chocolate mil. I would estimate depth of visibility is ~6inches. Water levels high: about 3 inches below first concrete step."
2014-09-12,3.62742615960773,0.0898097329605975,0.677481954142988,0.0422810423870988,"warm, sunny, lake levels still high. Water still turbid but now a dark green brown color."
2014-09-16,3.54257720320703,0.0955726710935861,0.300041399680439,0.0465699826923793,"warm, mostly cloudy (may rain later). Water level still pretty high. Lake is a deep green color, with quite abit of grass/debris in water near site."
2014-09-19,3.42971208195704,0.0602024412756603,0.283078538593581,0.0467815229935754,"lake is a deep green color. Seems to have a lot of grean algae/plants living in it. Some grass/debris in water."
2014-09-24,3.3744802141113,0.0805375503477417,0.238339837240993,0.0431390573597352,"hot, sunny . I think there was a triathalon this weekend.  A lot of dead plant material in lake. Maybe mowed grass, but looks like aquatic plant material(looks brown, could be dead due to shocking the lake for triathalon."
2014-09-29,4.13983367496334,0.0415086434093616,0.554243162537083,0.0465105110609604,"Sunny, slighty warm(~80F) lake at sampling site has a film of grass/aquatic plant material covering it (brown/dead). The bottom concrete step has a thick layer (~3"") of plant/trash piled on it. A lot of rain on Saturday."
2014-10-02,4.09161190556987,0.028053242074272,0.57611798513323,0.0376417939461114,"Clear, sunny, warm, lot of grass in sample site, wavy"
2014-10-08,3.91058264014195,0.046873808630603,0.403238680049874,0.0499460261740495,"cloudy, overcast, calm water, a lot of grass at sample site"
2014-10-17,4.05287638589316,0.0583994300718784,0.319734346130507,0.0594821778928252,"cloudy, overcast, cool, lake has green stuff on surface"
2014-10-21,3.805443372448,0.0555256544574938,0.266167826209654,0.0424454658645936,NA
2014-10-27,3.72401972904593,0.0385428427110513,0.259736920680274,0.0360489738369061,"sunny, calm but murky water, lot of grass and mosquitoes"
2014-10-30,3.44812796645053,0.0520110170799156,0.293353017765667,0.034585793677428,"No grass, Partly Cloudy, warm outside"
2014-11-03,3.67737900127192,0.0392534286848258,0.290819630738941,0.044950580446101,"Cool, windy, no grass,"
2014-11-06,3.32164463689391,0.0375313153487423,0.37373933688291,0.063975622736819,"Clear skies, slight wind, very green but little grass lot of debris"
2014-11-10,3.69793254232487,0.0536598303670435,0.248141803134878,0.0346474104084539,"Green water, mossy shrubs brought in, calm water"
2014-11-13,3.71295243770972,0.0383346391592172,0.263585720201645,0.0407566640348462,"Green and calm water, mossy shrubs"
2014-11-17,3.21097172353186,0.0294083259137454,0.240858315433043,0.0402157682978781,"wavy water, green little debris, clear skies"
2014-11-22,3.40702088434463,0.0523358447923921,0.288140086768367,0.0415570261142287,"calm water, ripply surface, lighter green, ducks everywhere"
2014-12-01,3.44259432078243,0.0433002552909177,0.284437444190845,0.039760874998989,"Calm, cloudy greenish-gray color"
2014-12-04,3.41334505082246,0.0294083259137454,0.254670146626824,0.0392635124445502,"Rained that day, higher waters, lot of grass and debris. Winds blowing eastward"
2014-12-11,4.54141824630563,0.0343258231722014,0.431641846137967,0.0379995755465492,"Calm water, very green. Little to no debris. Sunny"
2014-12-17,3.17065516223568,0.0487233134640939,0.261856196366092,0.0414300741644164,"Green,Calm, Just rained a little, mossy shrubs and grass in water"
2015-01-10,2.98844011559317,0.035255221509134,0.306190469333784,0.0376088562649848,"Green, calm, very light drizzle earlier. Cloudy"
2015-01-12,3.1014845913844,0.035182991397747,0.284291287246996,0.0410923032836736,"Calm green waters, mostly cloudy, rained last night + morning"
2015-01-16,16.499626535075,0.137741208946972,0.278725143635393,0.0433091245092375,"Low water (below last step). Calm, green clear skies, algae"
2015-01-20,2.89753022247434,0.0408510888713137,0.292415177375965,0.0401903572549858,"Missing ph, cond, temp data (forgot to record) Low water, many ducks, green, calm clear skies"
2015-01-22,14.9782692367517,0.102725066483974,0.277494989357992,0.0402393371888995,"Clear sky, windy. water low and green"
2015-01-26,4.37145627221391,0.0383973525055568,0.257434948814644,0.0342587164703479,"Temp measurement taken in lab** Very low water. green cloudy. maybe rain?"
2015-01-28,20.2949169425835,0.162453709780793,0.347333649027428,0.0478027693684413,"Low water, raining"
2015-02-02,6.40339900524077,0.290599175904695,0.245064168865432,0.0356830769049228,"Green lake, low water slight wind going east"
2015-02-06,NA,NA,NA,NA,"Calm, Clear skies, green water. Beauiful Day!!!"
2015-02-09,4.33023187040192,0.250771879598602,0.631623239837859,0.0259392066190739,"Murky, green clam, ripples flowing eastward, Warm day"
2015-03-05,3.05425617345016,0.196041440580624,0.124751476238954,0.0296040589323487,"Green murky, water, garbage, ducks, warm sunny clear skies"
2015-03-20,3.767738598723,0.226792680005098,0.173146685414613,0.0192117652406899,"green murky water, rained last night, warm and sunny"
2015-03-30,4.37795383086425,0.2067410374653,0.200346912469546,0.0324648789411448,"Lake was calm, green, lot of shrubs on bottom step. Clear skies"
2015-04-01,2.96585319751175,0.220837725989473,0.135681437607094,0.030863675828762,NA
2015-04-09,3.79120841534382,0.199766166985498,0.156523170025808,0.00274712619610803,"Warm, calm, clear skies"
2015-05-08,3.9993074560484,0.256399752413412,0.163650502248758,0.0213988874907874,"Warm, calm water, light rain, high water"
2015-05-15,4.41785251911964,0.194206676116716,0.186736409244962,0.0333156037986501,"Overcast, cool, high water"
2015-06-10,3.77869117981272,0.201891126800176,0.195775445737624,0.0299024973869325,"Sunny, hot, scattered clouds, high water"
2015-06-15,4.7848,0.3224,0.398593525019443,0.0661871047039915,NA
2015-07-13,3.48140683594903,0.186700347210576,0.24668496161584,0.0356714777026525,"Hot, sunny"
2015-07-21,3.59797359183242,0.210181986430024,0.265656548553314,0.0322426072640232,"Hot, sunny"
2015-07-24,3.66134209670863,0.241223809462335,0.290820394973118,0.0266115339187609,NA
2015-08-03,4.26609095033954,0.13999898113678,0.271596517403047,0.0464964795881009,"Bright, hot, blank taken"
2015-08-18,4.13215514561486,0.135786786679051,0.273855208777445,0.0472894215072257,"Clear skies, slight breeze"
2015-08-23,6.0785,0.1267,NA,NA,NA
2015-09-01,4.21080349606366,0.153189503290451,0.275624905112026,0.0432767219965894,"Hot, high water, lots of debris from storm previous night"
2015-09-03,4.21781176491553,0.14449338540231,0.287034789374452,0.0453940239620461,"Warm, clear skies"
2015-09-13,4.40392023775971,0.142307749915144,0.314465082560448,0.0568960365572486,"Warm, clear skies"
2015-09-16,4.32605058385001,0.135786786679052,0.305337175150507,0.0392878149338316,"Sunny, hot, still water, high water level"
2015-10-02,3.66104373946119,0.134949018781597,0.284962381824746,0.0479482930186647,"Sunny, warm, still water, blank taken"
2015-10-06,3.94682536930978,0.165819650180609,0.288594916406253,0.0450504435593234,"Some clouds, cool, light breeze"
2015-10-09,3.93125143852784,0.141967498846764,0.295813414613094,0.0415154148240334,"No clouds, cool, light breeze"
2015-10-20,3.86039005347002,0.135183422234629,0.293834148975735,0.0422701172129823,"Cool, mild breeze. Car drove into lake and 4 people died 2 days prior"
2015-10-23,3.72723294528444,0.133959373872969,0.2715033754907,0.0468696006776595,"Cool, mild breeze"
2015-10-30,3.59251844402066,0.138744126396274,0.288315490669214,0.0496037462216616,"Cool, mild breeze, fast current, some clouds, rained night prior, foamy stuff in lake"
2015-11-04,3.48038614239069,0.137635240735104,0.263074032423357,0.0474987652411166,"Cool, breeze, cloudy, rain earlier that day"
2015-11-06,3.36124557190886,0.150366462081796,0.287686782760876,0.0462943492312187,"Calm, sunny, cool, construction"
2015-11-13,3.1953832090812,0.134130669845064,0.279606721864832,0.0529536879599686,"Sunny, cool, light current, blank taken"
2015-11-16,NA,NA,NA,NA,"Strong wind, dark clouds, high water, DUCKS"
2015-11-20,NA,NA,NA,NA,"Calm water, clear skies"
2015-12-04,NA,NA,NA,NA,"Blank taken"
2015-12-15,3.78815793293684,0.155915430146437,0.379091170030397,0.0971073493115999,NA
2015-12-18,3.34727849281895,0.166597143266206,0.288384435592085,0.0939300336956227,"Clear skies, fairly strong current, construction, cool but sunny"
2015-12-22,3.00752861499614,0.149980020910819,0.284436408661496,0.0943208647914466,"Cloudy, cold, windy, strong current"
2015-12-29,3.29046413197902,0.162555982837099,0.290146364966066,0.0967136977608498,"Sunny, some high clouds, windy, very cool, strong current going eastward"
2016-01-01,3.25561799066386,0.144856914083211,0.276747000838009,0.100922065649035,"Sunny, no clouds, hazy, no current, cool outside"
2016-01-06,3.17456283586555,0.143956278808756,0.356664636887495,0.0956445348155541,"Meter unavailable; overcast, good breeze, cool"
2016-01-08,4.21653821366995,0.196379704003506,0.721057734084283,0.0954732743769948,"Cloudy, cool breeze, strong current, rained for the past couple days, but not today. Very dirty water"
2016-01-15,3.71846565030652,0.197217406977742,0.545256336547008,0.0998431636410697,"Cloudy, overcast, cool, slight current, small breeze"
2016-01-22,3.71316297662813,0.151550155196481,0.361624141792036,0.0958795967860602,"Sunny, slight breeze, slight current, cool outside"
2016-01-28,3.46507360096042,0.163771637993705,0.346006051785631,0.0963755210140128,"Sunny, clear skies, slight breeze"
2016-02-03,3.40636542809248,0.163185806163978,0.39784157892388,0.0943242864510792,"sunny, cool, low water level, slight breeze"
2016-02-05,3.59650415570346,0.142993024901342,0.340546245947738,0.0992121360436311,"Sunny, cool, slight breeze, slight current, no clouds"
2016-02-08,3.72452584879612,0.138051638776237,0.351813893055423,0.0929438450351183,"Sunny, windy, no clouds, slight current"
2016-02-11,3.83285189679759,0.149669364247566,0.335782510973639,0.0978262724304816,"Clear skies, warm, no current, no breeze"
2016-02-17,NA,NA,NA,NA,"Water level too low to sample; clear skies, warm breeze, strong current westward"
2016-02-26,NA,NA,NA,NA,"Unable to collect samples due to drainage; smells fishy, warm, no clouds, no breeze"
2016-04-29,NA,NA,NA,NA,"Windy, very strong current east, water refilled, partial clouds, very warm"
2016-05-03,4.44948645424567,0.0692262189530709,0.716372794828874,0.0818743533321241,NA
2016-05-06,4.33921173842395,0.0909019933213845,0.694530865998894,0.0797766840338984,"Sunny, windy"
2016-05-10,4.26569526120946,0.0523330129639163,0.525039617139578,0.0744872823671224,"Clear, calm"
2016-05-13,4.2076989291847,0.0666911466766467,0.402145660262732,0.0842212796674306,"Hot, sunny, calm"
2016-05-17,4.20116413121008,0.103337355644236,0.40422920723277,0.0805985247586018,"Partly cloudy, calm"
2016-05-20,4.35677400798074,0.0935517271618441,0.404441093365316,0.077076493297603,"Sunny, light breeze"
2016-05-24,4.06229967424939,0.101027654380632,0.376684010001753,0.0759826067075621,"Clear, calm"
2016-05-27,4.07128502146449,0.0579377414497202,0.374812349164261,0.0747126790778977,"Sunny, calm"
2016-06-02,3.92915316551649,0.0529235954163566,0.373894175923227,0.0771451637967124,"Hot, calm, sunny"
2016-06-05,3.82051214918842,0.089019031527369,0.375024235296807,0.0713686258468454,"Calm, clear"
2016-06-10,3.89321177665608,0.0692262189530714,0.408431615528272,0.0785763406595669,"Slightly cloudy, breeze high water level"
2016-06-14,3.59914586779814,0.0883649094179134,0.339286107607334,0.0756711498477398,"Calm, clear"
2016-06-17,3.61139861400056,0.0653001006955878,0.330210318263268,0.0875693699542346,"Hot, sunny, calm, high water"
2016-06-21,3.43087481995166,0.0737182947703375,0.328303343070351,0.0757551322512404,"Hot, sunny, slight breeze"
2016-06-24,3.5297136393178,0.0890190315273691,0.345642691583722,0.0834949722269716,"Very calm, hot, sunny"
2016-06-27,3.56565502817821,0.0544555151987616,0.328409286136624,0.0725496496432575,"Overcast, calm"
2016-07-01,3.54850118349483,0.0847764521393395,0.344053545589625,0.0777273483449584,"Windy, cloudy, high water, rain past 2 days"
2016-07-04,4.82349192003668,0.220614194836782,0.367315697492723,0.0967708907589609,"Clear, calm"
2016-07-07,6.48171425334816,0.229857452074163,0.362012216901177,0.101691965807818,"Sunny, calm"
2016-07-12,6.30302425638748,0.242055012911396,0.371225211886491,0.101076800190127,"Clear, calm"
2016-07-14,6.34339881838297,0.208870885302226,0.381944331269404,0.0962472732081316,"Clear, calm"
2016-07-19,4.97248707785229,0.245834555955505,0.382344896268765,0.0960755665958634,"Clear, calm"
2016-07-22,6.26707787215924,0.212881910762792,0.368693641090526,0.0948339541002615,"Clear, slight breeze"
2016-07-26,6.63643999415667,0.242055012911396,0.388994275258166,0.0966074549405392,"Partly cloudy, calm"
2016-07-29,6.22487994284782,0.184149019493006,0.405826016531335,0.100999953074805,"Partly cloudy, breeze"
2016-08-01,6.22592186702835,0.228431079374811,0.357734182707997,0.0996857884734424,"cloudy, slight breeze"
2016-08-05,5.49917975110956,0.204923068346101,0.475115750120881,0.0986424976519859,"Raining on and off, very high water level"
2016-08-08,6.97324198551259,0.188835733602313,0.434418346185756,0.0993076170488503,"Calm, clear, debris in water"
2016-08-13,7.08707220223535,0.28991023011555,0.393849123050427,0.10086119501053,"clear, calm, debris in water"
2016-08-15,0.733158068326008,0.316137915826598,0.0947744764471746,0.0955978773261706,"Clear, breezy, water high"
2016-08-19,5.3173639816073,0.234368044678342,0.370872714687053,0.103161812431486,"Clear, sunny, high water"
2016-08-22,5.44161344013535,0.199437832753721,0.390131879856352,0.0988659264868868,"Clear, breezy"
2016-08-26,5.22098599490839,0.210372610745716,0.346486317525927,0.0997474839544165,"Windy, sunny, choppy waves"
2016-08-29,5.12460800820948,0.192096207047429,0.349754927920716,0.0964038532243519,"No clouds, hot, slight breeze, small current"
2016-09-02,6.15455006066213,0.233103050656116,0.351164916718469,0.0942897922966141,"Sunny, no clouds, hot, fish at surface, current, slight breeze"
2016-09-04,5.0907454723423,0.162747598293176,0.369142273889811,0.0973684521971329,"Clear, breezy"
2016-09-09,5.43510141400704,0.168174681434302,0.495352293888623,0.0982054930170786,"Hot, clear sky, few clouds, little recreation, calm, current flowing east"
2016-09-14,4.86777935180867,0.30599542081532,0.390115313006138,0.136740457181904,"Hot, clear sky, green water, slight breeze, light current westbound"
2016-09-16,5.02530171414923,0.258062196657603,0.437640154564263,0.136744797461241,"No clouds, hot, lots of recreation, water movement but no direct current"
2016-09-19,6.63453016498068,0.307948123498287,0.426810278681132,0.137318733960525,"Cloudy, overcast, hot, no direct current, construction, airplanes, low sediment, lots of bugs"
2016-09-23,5.70139769473473,0.321857426419024,0.360828675788429,0.132523744722554,"Hazy, rained last night, strong east current, cloudy"
2016-09-27,8.36177536981967,0.346266284257692,0.393567006224283,0.136794064799189,"Very cloudy, scattered rain, windy, flowing west"
2016-09-30,5.3443470067628,0.299433452756633,0.36250176726098,0.138372346020956,"Warm, current to the west, slight breeze, few clouds, rained yesterday"
2016-10-05,5.4743654645677,0.319145040254725,0.400063424464547,0.13570351027032,"Warm, clear sky, steady current to west"
2016-10-07,5.46436404473656,0.278283629869491,0.364431097968065,0.135224995011483,"Slight breeze, current to the west, clear skies, warm"
2016-10-14,5.15532017195413,0.296903846670688,0.347715256138709,0.135304184787364,"Clear, slight breeze"
2016-10-21,5.04880505075242,0.323347939102416,0.360723165515385,0.135547898520459,"Breezy, lots of waves, strong current west, sunny, warm, high water level"
2016-10-26,5.15056949753434,0.297352742805215,0.346358695485289,0.135856565749045,"Hot, mixed currents, few clouds, ducks, mosquitos"
2016-10-28,NA,NA,NA,NA,"Humid, cloudy, slight breeze, slow current to east"
2016-11-01,4.90328439220924,0.317905113701376,0.351815083891265,0.132841278235534,"Clear sky, slight breeze, current flowing east, no humidity"
2016-11-04,5.29483997859862,0.297143786854235,0.342243794836584,0.133462988441893,"Rained last night, warm, few clouds, slight breeze"
2016-11-08,4.84077551826458,0.303523811781454,0.334601836488988,0.134275636205376,"Windy, fast current westward, clear skies, warm"
2016-11-15,4.76426465655631,0.302185666178127,0.345883899256593,0.139217854252131,"Clear skies, slow eastward current, recreation, slight breeze"
2016-11-18,4.52723100655814,0.287868410978998,0.323071070934924,0.135385425769778,NA
2016-11-28,4.59874115835083,0.302638413267289,0.352975696894746,0.133944422093871,"Cold, cloudy, ducks, slight breeze, rained yesterday, steady westward current, recreation"
2016-12-02,4.37370921215004,0.28388138575635,0.3251511306035,0.133513733878006,"Partly cloudy, warm, slight wind, water level high"
2016-12-09,4.57848828319276,0.311594268412883,0.34491923390305,0.1350832376602,"Cool, clear skies, calm water"
2016-12-16,4.95241869999258,0.152204291519533,0.357141897706686,0.0961267898720289,"Cloudy, rained last night, water is clear, slight wind"
2017-01-20,4.99775459620232,0.165626789727532,0.317826660765043,0.0945248177570729,"Meter had low battery; windy, light rainfall, westward flow, low water level, cloudy,"
2017-01-27,6.97854742315331,0.164671371275103,0.930876375715738,0.0965809210586688,"Windy, cold, lot's of sediment, debris, wood pieces, ducks, construction"
2017-02-08,6.87967658567463,0.174254474940438,0.912558663939648,0.0980465289530085,"breezy, current flow west, water higher than usual, sunny, no clouds, cool"
2017-02-10,6.4239061397363,0.235896164909149,0.938847972507184,0.10223394485023,"No wind, clouds"
2017-02-15,6.99494551327173,0.173262774039801,0.94681956929863,0.100769385323379,"Sunny, cool, current flow west, slight breeze"
2017-02-16,6.75476172271375,0.149473424540976,0.596035388786519,0.0978359569919354,"Sunny, high water level, current flow W, lots of wood pieces, recreation and construction"
2017-02-21,6.30670802506645,0.187310396519991,0.350340599167601,0.0987199577423444,"Few clouds, no breeze, sunny, current flowing east"
2017-02-23,NA,NA,NA,NA,"No clouds, wind and fast current eastbound, high water level"
2017-03-01,6.69133969769694,0.166227420722676,0.676463712158941,0.113503162526877,"No clouds, dirty water (brown), trash everywhere, rained last night, slight breeze, current flowing west"
2017-03-07,6.1041433824272,0.234141804458791,0.361755247339183,0.0990205370985894,"No clouds, WB current and breeze, lower water level, wooden debris, trash (plastic and styrofoam)"
2017-03-09,6.73932822613171,0.179795816649844,0.341402234254639,0.0960907734539938,"High water level, EB current, few clouds, green water,"
2017-03-16,6.97854742315331,0.184304719721209,0.348831084030498,0.0941115928835978,"High water level, WB current, breeze, recreation, no clouds"
2017-03-21,8.57205594524877,0.228520681853966,0.375849708900229,0.0929973260799075,"High water level, current, slight flow west, no breeze, hot, water very green"
2017-03-24,7.69017630461574,0.236817112779694,0.380692029929927,0.100994525859405,"WB current, slight breeze, rained yesterday, no clouds, construction, plastic bags in water"
2017-03-29,7.68655907885432,0.188053795403244,0.370337434523166,0.0969345813577759,"Current flow east, breezy, sunny, clear water"
2017-03-30,7.96677350117195,0.242207750770111,0.40381814104724,0.0938633722740748,"Current flow west, few clouds, recreation, slight breeze, construction to the South"
2017-04-04,9.15611733152529,0.205053499357633,0.48690931696489,0.100719946460143,"Breeze, sunny, cooler, some clouds, lower water level"
2017-04-06,8.70275836942791,0.192774304001839,0.441284645967038,0.096474921036172,"No clouds, current and breeze W, green water, no construction, recreation"
2017-04-12,13.7081527856953,0.14692881917548,0.824227219681064,0.111023563485684,"Hot, current flow east, slightly breezy, no clouds"
2017-04-13,10.4200863062817,0.187736408818572,0.565674608931314,0.102878163282903,"flow west, breeze, water is green, high water level"
2017-04-19,10.3056053667164,0.223433175549481,0.602145206929425,0.102949594844778,"hot, slight breeze, current flow east, no clouds, hot!!!"
2017-04-21,9.92255310901479,0.184534380151278,0.648238340555701,0.105933260001077,"hot, windy, east current, green water, few clouds"
2017-04-27,9.48491711219554,0.156141951496211,0.586345241021449,0.107672160838553,"hot, relatively still water, shallow, cloudy"
2017-05-18,7.01464063566829,0.189533669017645,0.559378381915354,0.110923150000895,"clear, breezy"
2017-05-23,7.09337647174063,0.193148177920564,0.518240769282772,0.112345749499333,"hot, sunny, calm, lots of algae"
2017-05-30,6.92769308663135,0.159711061376733,0.540930945887459,0.107360044475234,"calm, lots of bugs, sunny"
2017-06-01,6.74148041911057,0.204635651134631,0.527897246835552,0.111286399171769,"sunny, clear, calm"
2017-06-06,6.2190705619803,0.200584376108354,0.476644940667895,0.107735219284621,"sunny, partly cloudy, calm"
2017-06-09,6.23066356851856,0.168808928172013,0.49161332942282,0.110105733735459,"sunny, clear, calm"
2017-06-23,5.41094139787586,0.16919326989045,0.446606337384203,0.105535296165244,"sunny, clear, breezy"
2017-07-06,5.3423494425245,0.139346431220828,0.437034714642958,0.106143137387463,"sunny, partly cloudy, slightly breezy"
2017-07-10,5.14720049913048,0.159589222279643,0.43060271992854,0.105859480357983,"sunny, partly cloudy, breezy"
2017-07-25,5.40562793654583,0.167669485296618,0.470009294405792,0.119303265877074,"mostly cloudy, breezy, high water level"
2017-07-29,6.08913228036398,0.212282878125049,0.520684587855004,0.103415673318067,"mostly cloudy, slightly breezy"
2017-07-31,NA,NA,NA,NA,"partly cloudy, slight breeze"
2017-08-04,NA,NA,NA,NA,"sunny, slight wind, NO FILTERED WATER SAMPLE"
2017-09-08,NA,NA,NA,NA,"No filtered water sample"
2017-09-22,NA,NA,NA,NA,"No filtered water sample"
2017-09-26,NA,NA,NA,NA,"Partially cloudy, calm water"
2017-09-29,5.26602881614763,0.163310004987924,0.469805642858105,0.104808088362568,"Sunny, slight breeze, hot"
2017-10-02,5.25830014512213,0.16848421375749,0.485334073369167,0.108136473503039,"Hot, sunny, breezy"
2017-10-06,NA,NA,NA,NA,"Sunny, slight breeze, FILTERED 3 DAYS AFTER"
2017-10-16,NA,NA,NA,NA,"Hot, sunny, breezy"
2017-10-20,NA,NA,NA,NA,"Hot, sunny, clear, DUCKS"
2017-10-24,NA,NA,NA,NA,"Sunny, blowy as fuck, dusty, waves"
2017-10-27,NA,NA,NA,NA,"sunny, calm water"
2017-10-31,NA,NA,NA,NA,"overcast, cool, breezy"
2017-11-03,NA,NA,NA,NA,"Some clouds, warm, calm"
2017-11-06,NA,NA,NA,NA,"warm, sunny, slight breeze, some waves"
2017-11-10,NA,NA,NA,NA,"sunny, warm, light breeze"
2017-11-14,NA,NA,NA,NA,"sunny, calm"
2017-11-17,NA,NA,NA,NA,"warm, overcast, rain in distance"
2017-11-22,NA,NA,NA,NA,"cool, sunny, clear, calm. forgot? to take conductivity apparently"
